Workbook

Sheet Resum
A1: PLM · Elevador de Plats – Residència Rural
A2: Sistema mecànic de transport vertical PB → P1 | DIY | ~300€
A3: INDICADORS GLOBALS
A4: Indicador | B4: Valor | C4: Unitat | D4: Nota
A5: Progrés global | B5: =IFERROR(AVERAGE(Fases!F4:F9),0) -> 28 | C5: % | D5: Mitjana de les 6 fases
A6: Fases completades | B6: =COUNTIF(Fases!G4:G9,"Completat") -> 1 | C6: fases
A7: Tasques completades | B7: =COUNTIF(Tasques!D4:D25,"Completat") -> 0 | C7: ud.
A8: Tasques pendents | B8: =COUNTIF(Tasques!D4:D25,"Pendent") -> 0 | C8: ud.
A9: Cost estimat total (€) | B9: =SUM(Pressupost!D5:D25) -> 45 | C9: €
A10: Cost real acumulat (€) | B10: =SUM(Pressupost!E5:E25) -> 176 | C10: € | D10: Actualitzar a mesura que es compra
A11: Desviació pressupostària (€) | B11: =SUM(Pressupost!E5:E25)-SUM(Pressupost!D5:D25) -> 131 | C11: € | D11: Negatiu = per sota del pressupost
A12: Riscos alts oberts | B12: =COUNTIFS(Riscos!C4:C15,"Alta",Riscos!G4:G15,"Obert") -> 0 | C12: ud.
A14: ESPECIFICACIONS TÈCNIQUES BÀSIQUES
A15: Paràmetre | B15: Valor | C15: Unitat | D15: Observació
A16: Tipus de sistema | B16: Muntacàrregues cable + politja
A17: Alçada de recorregut | B17: ~3 | C17: m | D17: PB → P1; mesurar amb exactitud
A18: Càrrega útil màxima | B18: 15 | C18: kg | D18: Plats + coberteria + menjar
A19: Dimensions cabina (L×A×H) | B19: 40 × 35 × 30 | C19: cm | D19: Pendent confirmació
A20: Accionament | B20: Motor DC 12V | D20: Pendent selecció final
A21: Velocitat estimada | B21: ~0,1 | C21: m/s | D21: Cicle ~30s
A22: Control | B22: Botonera manual amunt/avall/stop
A23: Seguretat | B23: Limitador mecànic fi de carrera | D23: Un per extrem
A24: Material estructura | B24: Alumini perfil T-ranura | D24: Alternativa: acer galvanitzat

Sheet Fases
A1: Fases del Projecte · Elevador de Plats
A3: FASES DEL PROJECTE
A4: # | B4: Fase | C4: Activitats principals | D4: Data inici | E4: Data fi prev. | F4: % Complet | G4: Estat | H4: Observacions
A5: 1 | B5: Definició de requisits | C5: Alçada real, càrrega, restriccions estructurals de la casa | D5: 2025-01-01 | E5: 2025-01-31 | F5: 100 | G5: Completat | H5: Visita a la casa feta
A6: 2 | B6: Disseny conceptual i càlcul | C6: Selecció sistema, càlcul de forces, potència motor, disseny CAD bàsic | D6: 2025-02-01 | E6: 2025-03-31 | F6: 40 | G6: En progrés | H6: Càlcul motor pendent
A7: 3 | B7: Llista i compra de materials | C7: Llista definitiva, cotització, comanda components | D7: 2025-04-01 | E7: 2025-04-30 | F7: 0 | G7: Pendent
A8: 4 | B8: Fabricació i muntatge mecànic | C8: Tall i muntatge estructura, cabina, politges, cable | D8: 2025-05-01 | E8: 2025-06-30 | F8: 0 | G8: Pendent | H8: Requereix taller o espai de treball
A9: 5 | B9: Instal·lació elèctrica i control | C9: Cablejat motor, relés, botonera, font d'alimentació | D9: 2025-07-01 | E9: 2025-07-31 | F9: 0 | G9: Pendent
A10: 6 | B10: Proves i posada en marxa | C10: Test de càrrega, velocitat, fi de carrera, ajustaments finals | D10: 2025-08-01 | E10: 2025-08-31 | F10: 0 | G10: Pendent | H10: Prova amb càrrega real

Sheet Tasques
A1: Tasques Tècniques · Elevador de Plats
A3: LLISTA DE TASQUES TÈCNIQUES
A4: # | B4: Tasca | C4: Fase | D4: Prioritat | E4: Estat | F4: % Fet | G4: Notes tècniques
A5: 1 | B5: Mesurar alçada exacta PB→P1 a la casa | C5: Requisits | D5: Alta | E5: Completat | F5: 100 | G5: ~3m; confirmar amb cinta mètrica
A6: 2 | B6: Identificar restriccions estructurals (forat sostre) | C6: Requisits | D6: Alta | E6: Completat | F6: 100 | G6: Forat màx. 45×45cm, zona no portant
A7: 3 | B7: Definir concepte mecànic final (politja vs cargol) | C7: Disseny | D7: Alta | E7: Completat | F7: 100 | G7: Seleccionat: politja + cable d'acer
A8: 4 | B8: Càlcul de forces: tensió cable, parell motor | C8: Disseny | D8: Alta | E8: En progrés | F8: 60 | G8: F = (m+m_cabina)·g; afegir factor seguretat 2x
A9: 5 | B9: Selecció i dimensionament del motor DC | C9: Disseny | D9: Alta | E9: En progrés | F9: 20 | G9: Buscar en Aliexpress / RS Components
A10: 6 | B10: Disseny CAD de la cabina (SolidWorks/Fusion) | C10: Disseny | D10: Mitja | E10: Pendent | F10: 0 | G10: Material: xapa alumini o fusta contraxapada
A11: 7 | B11: Disseny CAD dels perfils guia | C11: Disseny | D11: Mitja | E11: Pendent | F11: 0 | G11: Perfil T-ranura 40×40mm
A12: 8 | B12: Llista definitiva de materials amb quantitats | C12: Materials | D12: Alta | E12: Pendent | F12: 0 | G12: Basat en CAD final
A13: 9 | B13: Cotitzar i comparar proveïdors | C13: Materials | D13: Alta | E13: Pendent | F13: 0 | G13: Alumeco, Leroy Merlin, Amazon
A14: 10 | B14: Comprar components principals | C14: Materials | D14: Alta | E14: Pendent | F14: 0
A15: 11 | B15: Tall i perforat de perfils d'alumini | C15: Fabricació | D15: Alta | E15: Pendent | F15: 0 | G15: Serrar i fresar en taller
A16: 12 | B16: Muntar estructura guia vertical | C16: Fabricació | D16: Alta | E16: Pendent | F16: 0 | G16: Fixar a paret amb tacs i ancoratges
A17: 13 | B17: Construir cabina | C17: Fabricació | D17: Alta | E17: Pendent | F17: 0 | G17: Fusta o alumini; tapa batent superior
A18: 14 | B18: Instal·lar politges, cable i sistema de tracció | C18: Fabricació | D18: Alta | E18: Pendent | F18: 0
A19: 15 | B19: Cablejat elèctric del motor i relés | C19: Elèctric | D19: Alta | E19: Pendent | F19: 0 | G19: 12V DC; relé d'inversió de gir
A20: 16 | B20: Instal·lar botonera (amunt/avall/stop) | C20: Elèctric | D20: Alta | E20: Pendent | F20: 0 | G20: Un punt baix, un punt alt
A21: 17 | B21: Instal·lar limitadors de fi de carrera | C21: Elèctric | D21: Alta | E21: Pendent | F21: 0 | G21: Microswitch mecànic x2
A22: 18 | B22: Prova en buit (sense càrrega) | C22: Proves | D22: Alta | E22: Pendent | F22: 0 | G22: Verificar recorregut complet
A23: 19 | B23: Prova amb càrrega nominal (15 kg) | C23: Proves | D23: Alta | E23: Pendent | F23: 0 | G23: Comprovar temperatura motor
A24: 20 | B24: Ajustaments finals i posada en marxa definitiva | C24: Proves | D24: Alta | E24: Pendent | F24: 0

Sheet Pressupost
A1: Pressupost Detallat · Elevador de Plats
A3: PRESSUPOST DESGLOSSAT
A4: # | B4: Concepte | C4: Categoria | D4: Ud. | E4: Cost unit. est. (€) | F4: Cost total est. (€) | G4: Cost real (€) | H4: Proveïdor / Notes
A5: 1 | B5: Motor DC 12V + reductora (RPM baixes) | C5: Accionament | D5: 1 | E5: 45 | F5: =D5*E5 -> 45 | H5: RS Components / Aliexpress
A6: 2 | B6: Font d'alimentació 12V 5A | C6: Elèctric | D6: 1 | E6: 15 | F6: =D6*E6 -> 15
A7: 3 | B7: Relé d'inversió de gir (H-bridge o 2 relés) | C7: Elèctric | D7: 1 | E7: 8 | F7: =D7*E7 -> 8
A8: 4 | B8: Botonera (3 polsadors momentanis) | C8: Elèctric | D8: 2 | E8: 5 | F8: =D8*E8 -> 10 | H8: Un per planta
A9: 5 | B9: Microswitch fi de carrera | C9: Elèctric | D9: 2 | E9: 3 | F9: =D9*E9 -> 6
A10: 6 | B10: Cable elèctric i connectors | C10: Elèctric | D10: 1 | E10: 10 | F10: =D10*E10 -> 10 | H10: ~5m de cable
A11: 7 | B11: Cable d'acer 3mm Ø | C11: Mecànica | D11: 5 | E11: 3 | F11: =D11*E11 -> 15 | H11: m lineals
A12: 8 | B12: Politja de retorn (Ø60mm) | C12: Mecànica | D12: 2 | E12: 6 | F12: =D12*E12 -> 12
A13: 9 | B13: Tambor d'enrotllament (o politja motriu) | C13: Mecànica | D13: 1 | E13: 15 | F13: =D13*E13 -> 15 | H13: Pot ser fabricat
A14: 10 | B14: Perfil alumini T-ranura 40×40mm | C14: Estructura | D14: 6 | E14: 8 | F14: =D14*E14 -> 48 | H14: m lineals; Alumeco
A15: 11 | B15: Escaires i connectors perfil | C15: Estructura | D15: 8 | E15: 2 | F15: =D15*E15 -> 16
A16: 12 | B16: Tacs i ancoratges a paret | C16: Estructura | D16: 10 | E16: 1 | F16: =D16*E16 -> 10
A17: 13 | B17: Fusta contraxapada 12mm (cabina) | C17: Cabina | D17: 1 | E17: 25 | F17: =D17*E17 -> 25 | H17: Leroy Merlin; ~0,5m²
A18: 14 | B18: Frontisses, imants tancament cabina | C18: Cabina | D18: 1 | E18: 8 | F18: =D18*E18 -> 8
A19: 15 | B19: Cargols i reblons (assortit) | C19: Ferramenta | D19: 1 | E19: 12 | F19: =D19*E19 -> 12
A20: 16 | B20: Pintura / tractament superficial | C20: Acabats | D20: 1 | E20: 10 | F20: =D20*E20 -> 10
A21: 17 | B21: Imprevistos (10%) | C21: Contingència | D21: 1 | F21: =SUM(F5:F20)*0.1 -> 26.5
B22: TOTAL ESTIMAT | F22: =SUM(F5:F21) -> 291.5 | G22: =SUM(G5:G21) -> 0

Sheet Riscos
A1: Riscos Tècnics · Elevador de Plats
A3: REGISTRE DE RISCOS TÈCNICS
A4: # | B4: Risc | C4: Probabilitat | D4: Impacte | E4: Mesures de mitigació | F4: Responsable | G4: Estat
A5: 1 | B5: Dany estructural al sostre en fer el forat | C5: Mitja | D5: Alt | E5: Consultar aparejador abans d'obrir; identificar biguetes | G5: Obert
A6: 2 | B6: Sobreescalfament del motor en cicles llargs | C6: Mitja | D6: Mig | E6: Motor amb duty cycle ≥50%; sensor tèrmic de protecció | G6: Obert
A7: 3 | B7: Cost final superior al pressupost (+20%) | C7: Mitja | D7: Mig | E7: Fer llista definitiva i cotitzar abans de comprar cap peça | G7: Obert
A8: 4 | B8: Cable d'acer trenca per fatiga | C8: Baixa | D8: Alt | E8: Factor de seguretat ×4 en la selecció; inspecció periòdica | G8: Obert
A9: 5 | B9: Cabina atrapada a mig recorregut (fallada motor) | C9: Baixa | D9: Mig | E9: Alliberament manual de la cabina per gravetat; interruptor d'emergència | G9: Obert
A10: 6 | B10: Restriccions normatives / prohibició veïnal | C10: Baixa | D10: Baix | E10: Ús privatiu; no requereix homologació; informar família | G10: Tancat
A11: 7 | B11: Soroll excessiu del motor en funcionament | C11: Mitja | D11: Baix | E11: Seleccionar motor silenciós; amortir la fixació a l'estructura | G11: Obert
